{
  "current": {
    "brand_blue": "#2563eb",
    "brand_purple": "#7c3aed",
    "brand_green": "#059669",
    "brand_orange": "#ea580c",
    "heading_font": "assistant_n4",
    "body_font": "assistant_n4",
    "hero_headline": "Empower Your Digital Growth",
    "hero_subheadline": "Discover tools, templates, and automation systems to scale your online business and build sustainable digital wealth.",
    "featured_collection": "",
    "contact_email": "support@digitalwealthtech.com",
    "contact_phone": "1-800-DIGITAL",
    "social_youtube": "",
    "social_instagram": "",
    "social_twitter": ""
  }
}
